Type,AISC_Manual_Label,W,As (mm2),h (mm),b (mm),t (mm),tdes (mm)
R_HSS,HSS24X12X3/4,171.16,47.1,24.0,12.0,0.750,0.698
R_HSS,HSS24X12X5/8,144.39,39.6,24.0,12.0,0.625,0.581
R_HSS,HSS24X12X1/2,116.91,32.1,24.0,12.0,0.500,0.465
R_HSS,HSS22X22X7/8,244.88,67.3,22.0,22.0,0.875,0.814
R_HSS,HSS22X22X3/4,212.00,58.2,22.0,22.0,0.750,0.698
R_HSS,HSS20X20X7/8,221.06,60.8,20.0,20.0,0.875,0.814
R_HSS,HSS20X20X3/4,191.58,52.6,20.0,20.0,0.750,0.698
R_HSS,HSS20X20X5/8,161.40,44.3,20.0,20.0,0.625,0.581
R_HSS,HSS20X20X1/2,130.52,35.8,20.0,20.0,0.500,0.465
R_HSS,HSS20X12X3/4,150.75,41.5,20.0,12.0,0.750,0.698
R_HSS,HSS20X12X5/8,127.37,35.0,20.0,12.0,0.625,0.581
R_HSS,HSS20X12X1/2,103.30,28.3,20.0,12.0,0.500,0.465
R_HSS,HSS20X12X3/8,78.52,21.5,20.0,12.0,0.375,0.349
R_HSS,HSS20X12X5/16,65.87,18.1,20.0,12.0,0.3125,0.291
R_HSS,HSS20X8X5/8,110.36,30.3,20.0,8.00,0.625,0.581
R_HSS,HSS20X8X1/2,89.68,24.6,20.0,8.00,0.500,0.465
R_HSS,HSS20X8X3/8,68.31,18.7,20.0,8.00,0.375,0.349
R_HSS,HSS20X8X5/16,57.36,15.7,20.0,8.00,0.3125,0.291
R_HSS,HSS20X4X1/2,76.07,20.9,20.0,4.00,0.500,0.465
R_HSS,HSS20X4X3/8,58.10,16.0,20.0,4.00,0.375,0.349
R_HSS,HSS20X4X5/16,48.86,13.4,20.0,4.00,0.3125,0.291
R_HSS,HSS20X4X1/4,39.43,10.8,20.0,4.00,0.250,0.233
R_HSS,HSS18X18X7/8,197.24,54.3,18.0,18.0,0.875,0.814
R_HSS,HSS18X18X3/4,171.16,47.1,18.0,18.0,0.750,0.698
R_HSS,HSS18X18X5/8,144.39,39.6,18.0,18.0,0.625,0.581
R_HSS,HSS18X18X1/2,116.91,32.1,18.0,18.0,0.500,0.465
R_HSS,HSS18X6X5/8,93.34,25.7,18.0,6.00,0.625,0.581
R_HSS,HSS18X6X1/2,76.07,20.9,18.0,6.00,0.500,0.465
R_HSS,HSS18X6X3/8,58.10,16.0,18.0,6.00,0.375,0.349
R_HSS,HSS18X6X5/16,48.86,13.4,18.0,6.00,0.3125,0.291
R_HSS,HSS18X6X1/4,39.43,10.8,18.0,6.00,0.250,0.233
R_HSS,HSS16X16X7/8,173.43,47.7,16.0,16.0,0.875,0.814
R_HSS,HSS16X16X3/4,150.75,41.5,16.0,16.0,0.750,0.698
R_HSS,HSS16X16X5/8,127.37,35.0,16.0,16.0,0.625,0.581
R_HSS,HSS16X16X1/2,103.30,28.3,16.0,16.0,0.500,0.465
R_HSS,HSS16X16X3/8,78.52,21.5,16.0,16.0,0.375,0.349
R_HSS,HSS16X16X5/16,65.87,18.1,16.0,16.0,0.3125,0.291
R_HSS,HSS16X12X3/4,130.33,35.9,16.0,12.0,0.750,0.698
R_HSS,HSS16X12X5/8,110.36,30.3,16.0,12.0,0.625,0.581
R_HSS,HSS16X12X1/2,89.68,24.6,16.0,12.0,0.500,0.465
R_HSS,HSS16X12X3/8,68.31,18.7,16.0,12.0,0.375,0.349
R_HSS,HSS16X12X5/16,57.36,15.7,16.0,12.0,0.3125,0.291
R_HSS,HSS16X8X5/8,93.34,25.7,16.0,8.00,0.625,0.581
R_HSS,HSS16X8X1/2,76.07,20.9,16.0,8.00,0.500,0.465
R_HSS,HSS16X8X3/8,58.10,16.0,16.0,8.00,0.375,0.349
R_HSS,HSS16X8X5/16,48.86,13.4,16.0,8.00,0.3125,0.291
R_HSS,HSS16X8X1/4,39.43,10.8,16.0,8.00,0.250,0.233
R_HSS,HSS16X4X5/8,76.33,21.0,16.0,4.00,0.625,0.581
R_HSS,HSS16X4X1/2,62.46,17.2,16.0,4.00,0.500,0.465
R_HSS,HSS16X4X3/8,47.90,13.2,16.0,4.00,0.375,0.349
R_HSS,HSS16X4X5/16,40.35,11.1,16.0,4.00,0.3125,0.291
R_HSS,HSS16X4X1/4,32.63,8.96,16.0,4.00,0.250,0.233
R_HSS,HSS16X4X3/16,24.73,6.76,16.0,4.00,0.1875,0.174
R_HSS,HSS14X14X7/8,149.61,41.2,14.0,14.0,0.875,0.814
R_HSS,HSS14X14X3/4,130.33,35.9,14.0,14.0,0.750,0.698
R_HSS,HSS14X14X5/8,110.36,30.3,14.0,14.0,0.625,0.581
R_HSS,HSS14X14X1/2,89.68,24.6,14.0,14.0,0.500,0.465
R_HSS,HSS14X14X3/8,68.31,18.7,14.0,14.0,0.375,0.349
R_HSS,HSS14X14X5/16,57.36,15.7,14.0,14.0,0.3125,0.291
R_HSS,HSS14X10X5/8,93.34,25.7,14.0,10.0,0.625,0.581
R_HSS,HSS14X10X1/2,76.07,20.9,14.0,10.0,0.500,0.465
R_HSS,HSS14X10X3/8,58.10,16.0,14.0,10.0,0.375,0.349
R_HSS,HSS14X10X5/16,48.86,13.4,14.0,10.0,0.3125,0.291
R_HSS,HSS14X10X1/4,39.43,10.8,14.0,10.0,0.250,0.233
R_HSS,HSS14X6X5/8,76.33,21.0,14.0,6.00,0.625,0.581
R_HSS,HSS14X6X1/2,62.46,17.2,14.0,6.00,0.500,0.465
R_HSS,HSS14X6X3/8,47.90,13.2,14.0,6.00,0.375,0.349
R_HSS,HSS14X6X5/16,40.35,11.1,14.0,6.00,0.3125,0.291
R_HSS,HSS14X6X1/4,32.63,8.96,14.0,6.00,0.250,0.233
R_HSS,HSS14X6X3/16,24.73,6.76,14.0,6.00,0.1875,0.174
R_HSS,HSS14X4X5/8,67.82,18.7,14.0,4.00,0.625,0.581
R_HSS,HSS14X4X1/2,55.66,15.3,14.0,4.00,0.500,0.465
R_HSS,HSS14X4X3/8,42.79,11.8,14.0,4.00,0.375,0.349
R_HSS,HSS14X4X5/16,36.10,9.92,14.0,4.00,0.3125,0.291
R_HSS,HSS14X4X1/4,29.23,8.03,14.0,4.00,0.250,0.233
R_HSS,HSS14X4X3/16,22.18,6.06,14.0,4.00,0.1875,0.174
R_HSS,HSS12X12X3/4,109.91,30.3,12.0,12.0,0.750,0.698
R_HSS,HSS12X12X5/8,93.34,25.7,12.0,12.0,0.625,0.581
R_HSS,HSS12X12X1/2,76.07,20.9,12.0,12.0,0.500,0.465
R_HSS,HSS12X12X3/8,58.10,16.0,12.0,12.0,0.375,0.349
R_HSS,HSS12X12X5/16,48.86,13.4,12.0,12.0,0.3125,0.291
R_HSS,HSS12X12X1/4,39.43,10.8,12.0,12.0,0.250,0.233
R_HSS,HSS12X12X3/16,29.84,8.15,12.0,12.0,0.1875,0.174
R_HSS,HSS12X10X1/2,69.27,19.0,12.0,10.0,0.500,0.465
R_HSS,HSS12X10X3/8,53.00,14.6,12.0,10.0,0.375,0.349
R_HSS,HSS12X10X5/16,44.60,12.2,12.0,10.0,0.3125,0.291
R_HSS,HSS12X10X1/4,36.03,9.90,12.0,10.0,0.250,0.233
R_HSS,HSS12X8X5/8,76.33,21.0,12.0,8.00,0.625,0.581
R_HSS,HSS12X8X1/2,62.46,17.2,12.0,8.00,0.500,0.465
R_HSS,HSS12X8X3/8,47.90,13.2,12.0,8.00,0.375,0.349
R_HSS,HSS12X8X5/16,40.35,11.1,12.0,8.00,0.3125,0.291
R_HSS,HSS12X8X1/4,32.63,8.96,12.0,8.00,0.250,0.233
R_HSS,HSS12X8X3/16,24.73,6.76,12.0,8.00,0.1875,0.174
R_HSS,HSS12X6X5/8,67.82,18.7,12.0,6.00,0.625,0.581
R_HSS,HSS12X6X1/2,55.66,15.3,12.0,6.00,0.500,0.465
R_HSS,HSS12X6X3/8,42.79,11.8,12.0,6.00,0.375,0.349
R_HSS,HSS12X6X5/16,36.10,9.92,12.0,6.00,0.3125,0.291
R_HSS,HSS12X6X1/4,29.23,8.03,12.0,6.00,0.250,0.233
R_HSS,HSS12X6X3/16,22.18,6.06,12.0,6.00,0.1875,0.174
R_HSS,HSS12X4X5/8,59.32,16.4,12.0,4.00,0.625,0.581
R_HSS,HSS12X4X1/2,48.85,13.5,12.0,4.00,0.500,0.465
R_HSS,HSS12X4X3/8,37.69,10.4,12.0,4.00,0.375,0.349
R_HSS,HSS12X4X5/16,31.84,8.76,12.0,4.00,0.3125,0.291
R_HSS,HSS12X4X1/4,25.82,7.10,12.0,4.00,0.250,0.233
R_HSS,HSS12X4X3/16,19.63,5.37,12.0,4.00,0.1875,0.174
R_HSS,HSS12X3-1/2X3/8,36.41,10.0,12.0,3.50,0.375,0.349
R_HSS,HSS12X3-1/2X5/16,30.78,8.46,12.0,3.50,0.3125,0.291
R_HSS,HSS12X3X5/16,29.72,8.17,12.0,3.00,0.3125,0.291
R_HSS,HSS12X3X1/4,24.12,6.63,12.0,3.00,0.250,0.233
R_HSS,HSS12X3X3/16,18.35,5.02,12.0,3.00,0.1875,0.174
R_HSS,HSS12X2X5/16,27.59,7.59,12.0,2.00,0.3125,0.291
R_HSS,HSS12X2X1/4,22.42,6.17,12.0,2.00,0.250,0.233
R_HSS,HSS12X2X3/16,17.08,4.67,12.0,2.00,0.1875,0.174
R_HSS,HSS10X10X3/4,89.50,24.7,10.0,10.0,0.750,0.698
R_HSS,HSS10X10X5/8,76.33,21.0,10.0,10.0,0.625,0.581
R_HSS,HSS10X10X1/2,62.46,17.2,10.0,10.0,0.500,0.465
R_HSS,HSS10X10X3/8,47.90,13.2,10.0,10.0,0.375,0.349
R_HSS,HSS10X10X5/16,40.35,11.1,10.0,10.0,0.3125,0.291
R_HSS,HSS10X10X1/4,32.63,8.96,10.0,10.0,0.250,0.233
R_HSS,HSS10X10X3/16,24.73,6.76,10.0,10.0,0.1875,0.174
R_HSS,HSS10X8X5/8,67.82,18.7,10.0,8.00,0.625,0.581
R_HSS,HSS10X8X1/2,55.66,15.3,10.0,8.00,0.500,0.465
R_HSS,HSS10X8X3/8,42.79,11.8,10.0,8.00,0.375,0.349
R_HSS,HSS10X8X5/16,36.10,9.92,10.0,8.00,0.3125,0.291
R_HSS,HSS10X8X1/4,29.23,8.03,10.0,8.00,0.250,0.233
R_HSS,HSS10X8X3/16,22.18,6.06,10.0,8.00,0.1875,0.174
R_HSS,HSS10X6X5/8,59.32,16.4,10.0,6.00,0.625,0.581
R_HSS,HSS10X6X1/2,48.85,13.5,10.0,6.00,0.500,0.465
R_HSS,HSS10X6X3/8,37.69,10.4,10.0,6.00,0.375,0.349
R_HSS,HSS10X6X5/16,31.84,8.76,10.0,6.00,0.3125,0.291
R_HSS,HSS10X6X1/4,25.82,7.10,10.0,6.00,0.250,0.233
R_HSS,HSS10X6X3/16,19.63,5.37,10.0,6.00,0.1875,0.174
R_HSS,HSS10X5X3/8,35.13,9.67,10.0,5.00,0.375,0.349
R_HSS,HSS10X5X5/16,29.72,8.17,10.0,5.00,0.3125,0.291
R_HSS,HSS10X5X1/4,24.12,6.63,10.0,5.00,0.250,0.233
R_HSS,HSS10X5X3/16,18.35,5.02,10.0,5.00,0.1875,0.174
R_HSS,HSS10X4X5/8,50.81,14.0,10.0,4.00,0.625,0.581
R_HSS,HSS10X4X1/2,42.05,11.6,10.0,4.00,0.500,0.465
R_HSS,HSS10X4X3/8,32.58,8.97,10.0,4.00,0.375,0.349
R_HSS,HSS10X4X5/16,27.59,7.59,10.0,4.00,0.3125,0.291
R_HSS,HSS10X4X1/4,22.42,6.17,10.0,4.00,0.250,0.233
R_HSS,HSS10X4X3/16,17.08,4.67,10.0,4.00,0.1875,0.174
R_HSS,HSS10X4X1/8,11.56,3.16,10.0,4.00,0.125,0.116
R_HSS,HSS10X3-1/2X1/2,40.34,11.1,10.0,3.50,0.500,0.465
R_HSS,HSS10X3-1/2X3/8,31.31,8.62,10.0,3.50,0.375,0.349
R_HSS,HSS10X3-1/2X5/16,26.53,7.30,10.0,3.50,0.3125,0.291
R_HSS,HSS10X3-1/2X1/4,21.57,5.93,10.0,3.50,0.250,0.233
R_HSS,HSS10X3-1/2X3/16,16.44,4.50,10.0,3.50,0.1875,0.174
R_HSS,HSS10X3-1/2X1/8,11.13,3.04,10.0,3.50,0.125,0.116
R_HSS,HSS10X3X3/8,30.03,8.27,10.0,3.00,0.375,0.349
R_HSS,HSS10X3X5/16,25.46,7.01,10.0,3.00,0.3125,0.291
R_HSS,HSS10X3X1/4,20.72,5.70,10.0,3.00,0.250,0.233
R_HSS,HSS10X3X3/16,15.80,4.32,10.0,3.00,0.1875,0.174
R_HSS,HSS10X3X1/8,10.71,2.93,10.0,3.00,0.125,0.116
R_HSS,HSS10X2X3/8,27.48,7.58,10.0,2.00,0.375,0.349
R_HSS,HSS10X2X5/16,23.34,6.43,10.0,2.00,0.3125,0.291
R_HSS,HSS10X2X1/4,19.02,5.24,10.0,2.00,0.250,0.233
R_HSS,HSS10X2X3/16,14.53,3.98,10.0,2.00,0.1875,0.174
R_HSS,HSS10X2X1/8,9.86,2.70,10.0,2.00,0.125,0.116
R_HSS,HSS9X9X5/8,67.82,18.7,9.00,9.00,0.625,0.581
R_HSS,HSS9X9X1/2,55.66,15.3,9.00,9.00,0.500,0.465
R_HSS,HSS9X9X3/8,42.79,11.8,9.00,9.00,0.375,0.349
R_HSS,HSS9X9X5/16,36.10,9.92,9.00,9.00,0.3125,0.291
R_HSS,HSS9X9X1/4,29.23,8.03,9.00,9.00,0.250,0.233
R_HSS,HSS9X9X3/16,22.18,6.06,9.00,9.00,0.1875,0.174
R_HSS,HSS9X9X1/8,14.96,4.09,9.00,9.00,0.125,0.116
R_HSS,HSS9X7X5/8,59.32,16.4,9.00,7.00,0.625,0.581
R_HSS,HSS9X7X1/2,48.85,13.5,9.00,7.00,0.500,0.465
R_HSS,HSS9X7X3/8,37.69,10.4,9.00,7.00,0.375,0.349
R_HSS,HSS9X7X5/16,31.84,8.76,9.00,7.00,0.3125,0.291
R_HSS,HSS9X7X1/4,25.82,7.10,9.00,7.00,0.250,0.233
R_HSS,HSS9X7X3/16,19.63,5.37,9.00,7.00,0.1875,0.174
R_HSS,HSS9X5X5/8,50.81,14.0,9.00,5.00,0.625,0.581
R_HSS,HSS9X5X1/2,42.05,11.6,9.00,5.00,0.500,0.465
R_HSS,HSS9X5X3/8,32.58,8.97,9.00,5.00,0.375,0.349
R_HSS,HSS9X5X5/16,27.59,7.59,9.00,5.00,0.3125,0.291
R_HSS,HSS9X5X1/4,22.42,6.17,9.00,5.00,0.250,0.233
R_HSS,HSS9X5X3/16,17.08,4.67,9.00,5.00,0.1875,0.174
R_HSS,HSS9X3X1/2,35.24,9.74,9.00,3.00,0.500,0.465
R_HSS,HSS9X3X3/8,27.48,7.58,9.00,3.00,0.375,0.349
R_HSS,HSS9X3X5/16,23.34,6.43,9.00,3.00,0.3125,0.291
R_HSS,HSS9X3X1/4,19.02,5.24,9.00,3.00,0.250,0.233
R_HSS,HSS9X3X3/16,14.53,3.98,9.00,3.00,0.1875,0.174
R_HSS,HSS8X8X5/8,59.32,16.4,8.00,8.00,0.625,0.581
R_HSS,HSS8X8X1/2,48.85,13.5,8.00,8.00,0.500,0.465
R_HSS,HSS8X8X3/8,37.69,10.4,8.00,8.00,0.375,0.349
R_HSS,HSS8X8X5/16,31.84,8.76,8.00,8.00,0.3125,0.291
R_HSS,HSS8X8X1/4,25.82,7.10,8.00,8.00,0.250,0.233
R_HSS,HSS8X8X3/16,19.63,5.37,8.00,8.00,0.1875,0.174
R_HSS,HSS8X8X1/8,13.26,3.62,8.00,8.00,0.125,0.116
R_HSS,HSS8X6X5/8,50.81,14.0,8.00,6.00,0.625,0.581
R_HSS,HSS8X6X1/2,42.05,11.6,8.00,6.00,0.500,0.465
R_HSS,HSS8X6X3/8,32.58,8.97,8.00,6.00,0.375,0.349
R_HSS,HSS8X6X5/16,27.59,7.59,8.00,6.00,0.3125,0.291
R_HSS,HSS8X6X1/4,22.42,6.17,8.00,6.00,0.250,0.233
R_HSS,HSS8X6X3/16,17.08,4.67,8.00,6.00,0.1875,0.174
R_HSS,HSS8X4X5/8,42.30,11.7,8.00,4.00,0.625,0.581
R_HSS,HSS8X4X1/2,35.24,9.74,8.00,4.00,0.500,0.465
R_HSS,HSS8X4X3/8,27.48,7.58,8.00,4.00,0.375,0.349
R_HSS,HSS8X4X5/16,23.34,6.43,8.00,4.00,0.3125,0.291
R_HSS,HSS8X4X1/4,19.02,5.24,8.00,4.00,0.250,0.233
R_HSS,HSS8X4X3/16,14.53,3.98,8.00,4.00,0.1875,0.174
R_HSS,HSS8X4X1/8,9.86,2.70,8.00,4.00,0.125,0.116
R_HSS,HSS8X3X1/2,31.84,8.81,8.00,3.00,0.500,0.465
R_HSS,HSS8X3X3/8,24.93,6.88,8.00,3.00,0.375,0.349
R_HSS,HSS8X3X5/16,21.21,5.85,8.00,3.00,0.3125,0.291
R_HSS,HSS8X3X1/4,17.32,4.77,8.00,3.00,0.250,0.233
R_HSS,HSS8X3X3/16,13.25,3.63,8.00,3.00,0.1875,0.174
R_HSS,HSS8X3X1/8,9.01,2.46,8.00,3.00,0.125,0.116
R_HSS,HSS8X2X3/8,22.37,6.18,8.00,2.00,0.375,0.349
R_HSS,HSS8X2X5/16,19.08,5.26,8.00,2.00,0.3125,0.291
R_HSS,HSS8X2X1/4,15.62,4.30,8.00,2.00,0.250,0.233
R_HSS,HSS8X2X3/16,11.97,3.28,8.00,2.00,0.1875,0.174
R_HSS,HSS8X2X1/8,8.16,2.23,8.00,2.00,0.125,0.116
R_HSS,HSS7X7X5/8,50.81,14.0,7.00,7.00,0.625,0.581
R_HSS,HSS7X7X1/2,42.05,11.6,7.00,7.00,0.500,0.465
R_HSS,HSS7X7X3/8,32.58,8.97,7.00,7.00,0.375,0.349
R_HSS,HSS7X7X5/16,27.59,7.59,7.00,7.00,0.3125,0.291
R_HSS,HSS7X7X1/4,22.42,6.17,7.00,7.00,0.250,0.233
R_HSS,HSS7X7X3/16,17.08,4.67,7.00,7.00,0.1875,0.174
R_HSS,HSS7X7X1/8,11.56,3.16,7.00,7.00,0.125,0.116
R_HSS,HSS7X5X1/2,35.24,9.74,7.00,5.00,0.500,0.465
R_HSS,HSS7X5X3/8,27.48,7.58,7.00,5.00,0.375,0.349
R_HSS,HSS7X5X5/16,23.34,6.43,7.00,5.00,0.3125,0.291
R_HSS,HSS7X5X1/4,19.02,5.24,7.00,5.00,0.250,0.233
R_HSS,HSS7X5X3/16,14.53,3.98,7.00,5.00,0.1875,0.174
R_HSS,HSS7X5X1/8,9.86,2.70,7.00,5.00,0.125,0.116
R_HSS,HSS7X4X1/2,31.84,8.81,7.00,4.00,0.500,0.465
R_HSS,HSS7X4X3/8,24.93,6.88,7.00,4.00,0.375,0.349
R_HSS,HSS7X4X5/16,21.21,5.85,7.00,4.00,0.3125,0.291
R_HSS,HSS7X4X1/4,17.32,4.77,7.00,4.00,0.250,0.233
R_HSS,HSS7X4X3/16,13.25,3.63,7.00,4.00,0.1875,0.174
R_HSS,HSS7X4X1/8,9.01,2.46,7.00,4.00,0.125,0.116
R_HSS,HSS7X3X1/2,28.43,7.88,7.00,3.00,0.500,0.465
R_HSS,HSS7X3X3/8,22.37,6.18,7.00,3.00,0.375,0.349
R_HSS,HSS7X3X5/16,19.08,5.26,7.00,3.00,0.3125,0.291
R_HSS,HSS7X3X1/4,15.62,4.30,7.00,3.00,0.250,0.233
R_HSS,HSS7X3X3/16,11.97,3.28,7.00,3.00,0.1875,0.174
R_HSS,HSS7X3X1/8,8.16,2.23,7.00,3.00,0.125,0.116
R_HSS,HSS7X2X1/4,13.91,3.84,7.00,2.00,0.250,0.233
R_HSS,HSS7X2X3/16,10.70,2.93,7.00,2.00,0.1875,0.174
R_HSS,HSS7X2X1/8,7.31,2.00,7.00,2.00,0.125,0.116
R_HSS,HSS6X6X5/8,42.30,11.7,6.00,6.00,0.625,0.581
R_HSS,HSS6X6X1/2,35.24,9.74,6.00,6.00,0.500,0.465
R_HSS,HSS6X6X3/8,27.48,7.58,6.00,6.00,0.375,0.349
R_HSS,HSS6X6X5/16,23.34,6.43,6.00,6.00,0.3125,0.291
R_HSS,HSS6X6X1/4,19.02,5.24,6.00,6.00,0.250,0.233
R_HSS,HSS6X6X3/16,14.53,3.98,6.00,6.00,0.1875,0.174
R_HSS,HSS6X6X1/8,9.86,2.70,6.00,6.00,0.125,0.116
R_HSS,HSS6X5X1/2,31.84,8.81,6.00,5.00,0.500,0.465
R_HSS,HSS6X5X3/8,24.93,6.88,6.00,5.00,0.375,0.349
R_HSS,HSS6X5X5/16,21.21,5.85,6.00,5.00,0.3125,0.291
R_HSS,HSS6X5X1/4,17.32,4.77,6.00,5.00,0.250,0.233
R_HSS,HSS6X5X3/16,13.25,3.63,6.00,5.00,0.1875,0.174
R_HSS,HSS6X5X1/8,9.01,2.46,6.00,5.00,0.125,0.116
R_HSS,HSS6X4X1/2,28.43,7.88,6.00,4.00,0.500,0.465
R_HSS,HSS6X4X3/8,22.37,6.18,6.00,4.00,0.375,0.349
R_HSS,HSS6X4X5/16,19.08,5.26,6.00,4.00,0.3125,0.291
R_HSS,HSS6X4X1/4,15.62,4.30,6.00,4.00,0.250,0.233
R_HSS,HSS6X4X3/16,11.97,3.28,6.00,4.00,0.1875,0.174
R_HSS,HSS6X4X1/8,8.16,2.23,6.00,4.00,0.125,0.116
R_HSS,HSS6X3X1/2,25.03,6.95,6.00,3.00,0.500,0.465
R_HSS,HSS6X3X3/8,19.82,5.48,6.00,3.00,0.375,0.349
R_HSS,HSS6X3X5/16,16.96,4.68,6.00,3.00,0.3125,0.291
R_HSS,HSS6X3X1/4,13.91,3.84,6.00,3.00,0.250,0.233
R_HSS,HSS6X3X3/16,10.70,2.93,6.00,3.00,0.1875,0.174
R_HSS,HSS6X3X1/8,7.31,2.00,6.00,3.00,0.125,0.116
R_HSS,HSS6X2X3/8,17.27,4.78,6.00,2.00,0.375,0.349
R_HSS,HSS6X2X5/16,14.83,4.10,6.00,2.00,0.3125,0.291
R_HSS,HSS6X2X1/4,12.21,3.37,6.00,2.00,0.250,0.233
R_HSS,HSS6X2X3/16,9.42,2.58,6.00,2.00,0.1875,0.174
R_HSS,HSS6X2X1/8,6.46,1.77,6.00,2.00,0.125,0.116
R_HSS,HSS5-1/2X5-1/2X3/8,24.93,6.88,5.50,5.50,0.375,0.349
R_HSS,HSS5-1/2X5-1/2X5/16,21.21,5.85,5.50,5.50,0.3125,0.291
R_HSS,HSS5-1/2X5-1/2X1/4,17.32,4.77,5.50,5.50,0.250,0.233
R_HSS,HSS5-1/2X5-1/2X3/16,13.25,3.63,5.50,5.50,0.1875,0.174
R_HSS,HSS5-1/2X5-1/2X1/8,9.01,2.46,5.50,5.50,0.125,0.116
R_HSS,HSS5X5X1/2,28.43,7.88,5.00,5.00,0.500,0.465
R_HSS,HSS5X5X3/8,22.37,6.18,5.00,5.00,0.375,0.349
R_HSS,HSS5X5X5/16,19.08,5.26,5.00,5.00,0.3125,0.291
R_HSS,HSS5X5X1/4,15.62,4.30,5.00,5.00,0.250,0.233
R_HSS,HSS5X5X3/16,11.97,3.28,5.00,5.00,0.1875,0.174
R_HSS,HSS5X5X1/8,8.16,2.23,5.00,5.00,0.125,0.116
R_HSS,HSS5X4X1/2,25.03,6.95,5.00,4.00,0.500,0.465
R_HSS,HSS5X4X3/8,19.82,5.48,5.00,4.00,0.375,0.349
R_HSS,HSS5X4X5/16,16.96,4.68,5.00,4.00,0.3125,0.291
R_HSS,HSS5X4X1/4,13.91,3.84,5.00,4.00,0.250,0.233
R_HSS,HSS5X4X3/16,10.70,2.93,5.00,4.00,0.1875,0.174
R_HSS,HSS5X4X1/8,7.31,2.00,5.00,4.00,0.125,0.116
R_HSS,HSS5X3X1/2,21.63,6.02,5.00,3.00,0.500,0.465
R_HSS,HSS5X3X3/8,17.27,4.78,5.00,3.00,0.375,0.349
R_HSS,HSS5X3X5/16,14.83,4.10,5.00,3.00,0.3125,0.291
R_HSS,HSS5X3X1/4,12.21,3.37,5.00,3.00,0.250,0.233
R_HSS,HSS5X3X3/16,9.42,2.58,5.00,3.00,0.1875,0.174
R_HSS,HSS5X3X1/8,6.46,1.77,5.00,3.00,0.125,0.116
R_HSS,HSS5X2-1/2X1/4,11.36,3.14,5.00,2.50,0.250,0.233
R_HSS,HSS5X2-1/2X3/16,8.78,2.41,5.00,2.50,0.1875,0.174
R_HSS,HSS5X2-1/2X1/8,6.03,1.65,5.00,2.50,0.125,0.116
R_HSS,HSS5X2X3/8,14.72,4.09,5.00,2.00,0.375,0.349
R_HSS,HSS5X2X5/16,12.70,3.52,5.00,2.00,0.3125,0.291
R_HSS,HSS5X2X1/4,10.51,2.91,5.00,2.00,0.250,0.233
R_HSS,HSS5X2X3/16,8.15,2.24,5.00,2.00,0.1875,0.174
R_HSS,HSS5X2X1/8,5.61,1.54,5.00,2.00,0.125,0.116
R_HSS,HSS4-1/2X4-1/2X1/2,25.03,6.95,4.50,4.50,0.500,0.465
R_HSS,HSS4-1/2X4-1/2X3/8,19.82,5.48,4.50,4.50,0.375,0.349
R_HSS,HSS4-1/2X4-1/2X5/16,16.96,4.68,4.50,4.50,0.3125,0.291
R_HSS,HSS4-1/2X4-1/2X1/4,13.91,3.84,4.50,4.50,0.250,0.233
R_HSS,HSS4-1/2X4-1/2X3/16,10.70,2.93,4.50,4.50,0.1875,0.174
R_HSS,HSS4-1/2X4-1/2X1/8,7.31,2.00,4.50,4.50,0.125,0.116
R_HSS,HSS4X4X1/2,21.63,6.02,4.00,4.00,0.500,0.465
R_HSS,HSS4X4X3/8,17.27,4.78,4.00,4.00,0.375,0.349
R_HSS,HSS4X4X5/16,14.83,4.10,4.00,4.00,0.3125,0.291
R_HSS,HSS4X4X1/4,12.21,3.37,4.00,4.00,0.250,0.233
R_HSS,HSS4X4X3/16,9.42,2.58,4.00,4.00,0.1875,0.174
R_HSS,HSS4X4X1/8,6.46,1.77,4.00,4.00,0.125,0.116
R_HSS,HSS4X3X3/8,14.72,4.09,4.00,3.00,0.375,0.349
R_HSS,HSS4X3X5/16,12.70,3.52,4.00,3.00,0.3125,0.291
R_HSS,HSS4X3X1/4,10.51,2.91,4.00,3.00,0.250,0.233
R_HSS,HSS4X3X3/16,8.15,2.24,4.00,3.00,0.1875,0.174
R_HSS,HSS4X3X1/8,5.61,1.54,4.00,3.00,0.125,0.116
R_HSS,HSS4X2-1/2X3/8,13.44,3.74,4.00,2.50,0.375,0.349
R_HSS,HSS4X2-1/2X5/16,11.64,3.23,4.00,2.50,0.3125,0.291
R_HSS,HSS4X2-1/2X1/4,9.66,2.67,4.00,2.50,0.250,0.233
R_HSS,HSS4X2-1/2X3/16,7.51,2.06,4.00,2.50,0.1875,0.174
R_HSS,HSS4X2-1/2X1/8,5.18,1.42,4.00,2.50,0.125,0.116
R_HSS,HSS4X2X3/8,12.17,3.39,4.00,2.00,0.375,0.349
R_HSS,HSS4X2X5/16,10.58,2.94,4.00,2.00,0.3125,0.291
R_HSS,HSS4X2X1/4,8.81,2.44,4.00,2.00,0.250,0.233
R_HSS,HSS4X2X3/16,6.87,1.89,4.00,2.00,0.1875,0.174
R_HSS,HSS4X2X1/8,4.75,1.30,4.00,2.00,0.125,0.116
R_HSS,HSS3-1/2X3-1/2X3/8,14.72,4.09,3.50,3.50,0.375,0.349
R_HSS,HSS3-1/2X3-1/2X5/16,12.70,3.52,3.50,3.50,0.3125,0.291
R_HSS,HSS3-1/2X3-1/2X1/4,10.51,2.91,3.50,3.50,0.250,0.233
R_HSS,HSS3-1/2X3-1/2X3/16,8.15,2.24,3.50,3.50,0.1875,0.174
R_HSS,HSS3-1/2X3-1/2X1/8,5.61,1.54,3.50,3.50,0.125,0.116
R_HSS,HSS3-1/2X2-1/2X3/8,12.17,3.39,3.50,2.50,0.375,0.349
R_HSS,HSS3-1/2X2-1/2X5/16,10.58,2.94,3.50,2.50,0.3125,0.291
R_HSS,HSS3-1/2X2-1/2X1/4,8.81,2.44,3.50,2.50,0.250,0.233
R_HSS,HSS3-1/2X2-1/2X3/16,6.87,1.89,3.50,2.50,0.1875,0.174
R_HSS,HSS3-1/2X2-1/2X1/8,4.75,1.30,3.50,2.50,0.125,0.116
R_HSS,HSS3-1/2X2X1/4,7.96,2.21,3.50,2.00,0.250,0.233
R_HSS,HSS3-1/2X2X3/16,6.23,1.71,3.50,2.00,0.1875,0.174
R_HSS,HSS3-1/2X2X1/8,4.33,1.19,3.50,2.00,0.125,0.116
R_HSS,HSS3-1/2X1-1/2X1/4,7.11,1.97,3.50,1.50,0.250,0.233
R_HSS,HSS3-1/2X1-1/2X3/16,5.59,1.54,3.50,1.50,0.1875,0.174
R_HSS,HSS3-1/2X1-1/2X1/8,3.90,1.07,3.50,1.50,0.125,0.116
R_HSS,HSS3X3X3/8,12.17,3.39,3.00,3.00,0.375,0.349
R_HSS,HSS3X3X5/16,10.58,2.94,3.00,3.00,0.3125,0.291
R_HSS,HSS3X3X1/4,8.81,2.44,3.00,3.00,0.250,0.233
R_HSS,HSS3X3X3/16,6.87,1.89,3.00,3.00,0.1875,0.174
R_HSS,HSS3X3X1/8,4.75,1.30,3.00,3.00,0.125,0.116
R_HSS,HSS3X2-1/2X5/16,9.51,2.64,3.00,2.50,0.3125,0.291
R_HSS,HSS3X2-1/2X1/4,7.96,2.21,3.00,2.50,0.250,0.233
R_HSS,HSS3X2-1/2X3/16,6.23,1.71,3.00,2.50,0.1875,0.174
R_HSS,HSS3X2-1/2X1/8,4.33,1.19,3.00,2.50,0.125,0.116
R_HSS,HSS3X2X5/16,8.45,2.35,3.00,2.00,0.3125,0.291
R_HSS,HSS3X2X1/4,7.11,1.97,3.00,2.00,0.250,0.233
R_HSS,HSS3X2X3/16,5.59,1.54,3.00,2.00,0.1875,0.174
R_HSS,HSS3X2X1/8,3.90,1.07,3.00,2.00,0.125,0.116
R_HSS,HSS3X1-1/2X1/4,6.26,1.74,3.00,1.50,0.250,0.233
R_HSS,HSS3X1-1/2X3/16,4.96,1.37,3.00,1.50,0.1875,0.174
R_HSS,HSS3X1-1/2X1/8,3.48,0.956,3.00,1.50,0.125,0.116
R_HSS,HSS3X1X3/16,4.32,1.19,3.00,1.00,0.1875,0.174
R_HSS,HSS3X1X1/8,3.05,0.840,3.00,1.00,0.125,0.116
R_HSS,HSS2-1/2X2-1/2X5/16,8.45,2.35,2.50,2.50,0.3125,0.291
R_HSS,HSS2-1/2X2-1/2X1/4,7.11,1.97,2.50,2.50,0.250,0.233
R_HSS,HSS2-1/2X2-1/2X3/16,5.59,1.54,2.50,2.50,0.1875,0.174
R_HSS,HSS2-1/2X2-1/2X1/8,3.90,1.07,2.50,2.50,0.125,0.116
R_HSS,HSS2-1/2X2X1/4,6.26,1.74,2.50,2.00,0.250,0.233
R_HSS,HSS2-1/2X2X3/16,4.96,1.37,2.50,2.00,0.1875,0.174
R_HSS,HSS2-1/2X2X1/8,3.48,0.956,2.50,2.00,0.125,0.116
R_HSS,HSS2-1/2X1-1/2X1/4,5.41,1.51,2.50,1.50,0.250,0.233
R_HSS,HSS2-1/2X1-1/2X3/16,4.32,1.19,2.50,1.50,0.1875,0.174
R_HSS,HSS2-1/2X1-1/2X1/8,3.05,0.840,2.50,1.50,0.125,0.116
R_HSS,HSS2-1/2X1X3/16,3.68,1.02,2.50,1.00,0.1875,0.174
R_HSS,HSS2-1/2X1X1/8,2.63,0.724,2.50,1.00,0.125,0.116
R_HSS,HSS2-1/4X2-1/4X1/4,6.26,1.74,2.25,2.25,0.250,0.233
R_HSS,HSS2-1/4X2-1/4X3/16,4.96,1.37,2.25,2.25,0.1875,0.174
R_HSS,HSS2-1/4X2-1/4X1/8,3.48,0.956,2.25,2.25,0.125,0.116
R_HSS,HSS2-1/4X2X3/16,4.64,1.28,2.25,2.00,0.1875,0.174
R_HSS,HSS2-1/4X2X1/8,3.27,0.898,2.25,2.00,0.125,0.116
R_HSS,HSS2X2X1/4,5.41,1.51,2.00,2.00,0.250,0.233
R_HSS,HSS2X2X3/16,4.32,1.19,2.00,2.00,0.1875,0.174
R_HSS,HSS2X2X1/8,3.05,0.840,2.00,2.00,0.125,0.116
R_HSS,HSS2X1-1/2X3/16,3.68,1.02,2.00,1.50,0.1875,0.174
R_HSS,HSS2X1-1/2X1/8,2.63,0.724,2.00,1.50,0.125,0.116
R_HSS,HSS2X1X3/16,3.04,0.845,2.00,1.00,0.1875,0.174
R_HSS,HSS2X1X1/8,2.20,0.608,2.00,1.00,0.125,0.116
R_HSS,HSS609.6X304.8X19,255,30400,610,305,19.1,17.7
R_HSS,HSS609.6X304.8X15.9,215,25500,610,305,15.9,14.8
R_HSS,HSS609.6X304.8X12.7,174,20700,610,305,12.7,11.8
R_HSS,HSS558.8X558.8X22.2,364,43400,559,559,22.2,20.7
R_HSS,HSS558.8X558.8X19,315,37600,559,559,19.1,17.7
R_HSS,HSS508X508X22.2,329,39200,508,508,22.2,20.7
R_HSS,HSS508X508X19,285,33900,508,508,19.1,17.7
R_HSS,HSS508X508X15.9,240,28600,508,508,15.9,14.8
R_HSS,HSS508X508X12.7,194,23100,508,508,12.7,11.8
R_HSS,HSS508X304.8X19,224,26800,508,305,19.1,17.7
R_HSS,HSS508X304.8X15.9,189,22600,508,305,15.9,14.8
R_HSS,HSS508X304.8X12.7,153,18300,508,305,12.7,11.8
R_HSS,HSS508X304.8X9.5,117,13900,508,305,9.53,8.86
R_HSS,HSS508X304.8X7.9,97.9,11700,508,305,7.94,7.39
R_HSS,HSS508X203.2X15.9,164,19500,508,203,15.9,14.8
R_HSS,HSS508X203.2X12.7,133,15900,508,203,12.7,11.8
R_HSS,HSS508X203.2X9.5,102,12100,508,203,9.53,8.86
R_HSS,HSS508X203.2X7.9,85.3,10100,508,203,7.94,7.39
R_HSS,HSS508X101.6X12.7,113,13500,508,102,12.7,11.8
R_HSS,HSS508X101.6X9.5,86.4,10300,508,102,9.53,8.86
R_HSS,HSS508X101.6X7.9,72.7,8650,508,102,7.94,7.39
R_HSS,HSS508X101.6X6.4,58.7,6970,508,102,6.35,5.92
R_HSS,HSS457.2X457.2X22.2,293,35000,457,457,22.2,20.7
R_HSS,HSS457.2X457.2X19,255,30400,457,457,19.1,17.7
R_HSS,HSS457.2X457.2X15.9,215,25500,457,457,15.9,14.8
R_HSS,HSS457.2X457.2X12.7,174,20700,457,457,12.7,11.8
R_HSS,HSS457.2X152.4X15.9,139,16600,457,152,15.9,14.8
R_HSS,HSS457.2X152.4X12.7,113,13500,457,152,12.7,11.8
R_HSS,HSS457.2X152.4X9.5,86.4,10300,457,152,9.53,8.86
R_HSS,HSS457.2X152.4X7.9,72.7,8650,457,152,7.94,7.39
R_HSS,HSS457.2X152.4X6.4,58.7,6970,457,152,6.35,5.92
R_HSS,HSS406.4X406.4X22.2,258,30800,406,406,22.2,20.7
R_HSS,HSS406.4X406.4X19.0,224,26800,406,406,19.1,17.7
R_HSS,HSS406.4X406.4X15.9,189,22600,406,406,15.9,14.8
R_HSS,HSS406.4X406.4X12.7,153,18300,406,406,12.7,11.8
R_HSS,HSS406.4X406.4X9.5,117,13900,406,406,9.53,8.86
R_HSS,HSS406.4X406.4X7.9,97.9,11700,406,406,7.94,7.39
R_HSS,HSS406.4X304.8X19,194,23200,406,305,19.1,17.7
R_HSS,HSS406.4X304.8X15.9,164,19500,406,305,15.9,14.8
R_HSS,HSS406.4X304.8X12.7,133,15900,406,305,12.7,11.8
R_HSS,HSS406.4X304.8X9.5,102,12100,406,305,9.53,8.86
R_HSS,HSS406.4X304.8X7.9,85.4,10100,406,305,7.94,7.39
R_HSS,HSS406.4X203.2X15.9,139,16600,406,203,15.9,14.8
R_HSS,HSS406.4X203.2X12.7,113,13500,406,203,12.7,11.8
R_HSS,HSS406.4X203.2X9.5,86.4,10300,406,203,9.53,8.86
R_HSS,HSS406.4X203.2X7.9,72.7,8650,406,203,7.94,7.39
R_HSS,HSS406.4X203.2X6.4,58.7,6970,406,203,6.35,5.92
R_HSS,HSS406.4X101.6X15.9,113,13500,406,102,15.9,14.8
R_HSS,HSS406.4X101.6X12.7,92.7,11100,406,102,12.7,11.8
R_HSS,HSS406.4X101.6X9.5,71.2,8520,406,102,9.53,8.86
R_HSS,HSS406.4X101.6X7.9,60.0,7160,406,102,7.94,7.39
R_HSS,HSS406.4X101.6X6.4,48.6,5780,406,102,6.35,5.92
R_HSS,HSS406.4X101.6X4.8,36.7,4360,406,102,4.76,4.42
R_HSS,HSS355.6X355.6X22.2,223,26600,356,356,22.2,20.7
R_HSS,HSS355.6X355.6X19,194,23200,356,356,19.1,17.7
R_HSS,HSS355.6X355.6X15.9,164,19500,356,356,15.9,14.8
R_HSS,HSS355.6X355.6X12.7,133,15900,356,356,12.7,11.8
R_HSS,HSS355.6X355.6X9.5,102,12100,356,356,9.53,8.86
R_HSS,HSS355.6X355.6X7.9,85.3,10100,356,356,7.94,7.39
R_HSS,HSS355.6X254X15.9,139,16600,356,254,15.9,14.8
R_HSS,HSS355.6X254X12.7,113,13500,356,254,12.7,11.8
R_HSS,HSS355.6X254X9.5,86.4,10300,356,254,9.53,8.86
R_HSS,HSS355.6X254X7.9,72.7,8650,356,254,7.94,7.39
R_HSS,HSS355.6X254X6.4,58.7,6970,356,254,6.35,5.92
R_HSS,HSS355.6X152.4X15.9,113,13500,356,152,15.9,14.8
R_HSS,HSS355.6X152.4X12.7,92.7,11100,356,152,12.7,11.8
R_HSS,HSS355.6X152.4X9.5,71.2,8520,356,152,9.53,8.86
R_HSS,HSS355.6X152.4X7.9,60.0,7160,356,152,7.94,7.39
R_HSS,HSS355.6X152.4X6.4,48.6,5780,356,152,6.35,5.92
R_HSS,HSS355.6X152.4X4.8,36.7,4360,356,152,4.76,4.42
R_HSS,HSS355.6X101.6X15.9,101,12100,356,102,15.9,14.8
R_HSS,HSS355.6X101.6X12.7,82.6,9870,356,102,12.7,11.8
R_HSS,HSS355.6X101.6X9.5,63.6,7610,356,102,9.53,8.86
R_HSS,HSS355.6X101.6X7.9,53.7,6400,356,102,7.94,7.39
R_HSS,HSS355.6X101.6X6.4,43.5,5180,356,102,6.35,5.92
R_HSS,HSS355.6X101.6X4.8,32.9,3910,356,102,4.76,4.42
R_HSS,HSS304.8X304.8X19,164,19500,305,305,19.1,17.7
R_HSS,HSS304.8X304.8X15.9,139,16600,305,305,15.9,14.8
R_HSS,HSS304.8X304.8X12.7,113,13500,305,305,12.7,11.8
R_HSS,HSS304.8X304.8X9.5,86.3,10300,305,305,9.53,8.86
R_HSS,HSS304.8X304.8X7.9,72.6,8650,305,305,7.94,7.39
R_HSS,HSS304.8X304.8X6.4,58.6,6970,305,305,6.35,5.92
R_HSS,HSS304.8X304.8X4.8,44.4,5260,305,305,4.76,4.42
R_HSS,HSS304.8X254X12.7,103,12300,305,254,12.7,11.8
R_HSS,HSS304.8X254X9.5,78.8,9420,305,254,9.53,8.86
R_HSS,HSS304.8X254X7.9,66.4,7870,305,254,7.94,7.39
R_HSS,HSS304.8X254X6.4,53.6,6390,305,254,6.35,5.92
R_HSS,HSS304.8X203.2X15.9,113,13500,305,203,15.9,14.8
R_HSS,HSS304.8X203.2X12.7,92.7,11100,305,203,12.7,11.8
R_HSS,HSS304.8X203.2X9.5,71.2,8520,305,203,9.53,8.86
R_HSS,HSS304.8X203.2X7.9,60.1,7160,305,203,7.94,7.39
R_HSS,HSS304.8X203.2X6.4,48.5,5780,305,203,6.35,5.92
R_HSS,HSS304.8X203.2X4.8,36.9,4360,305,203,4.77,4.42
R_HSS,HSS304.8X152.4X15.9,101,12100,305,152,15.9,14.8
R_HSS,HSS304.8X152.4X12.7,82.6,9870,305,152,12.7,11.8
R_HSS,HSS304.8X152.4X9.5,63.6,7610,305,152,9.53,8.86
R_HSS,HSS304.8X152.4X7.9,53.7,6400,305,152,7.94,7.39
R_HSS,HSS304.8X152.4X6.4,43.4,5180,305,152,6.35,5.92
R_HSS,HSS304.8X152.4X4.8,33.1,3910,305,152,4.76,4.42
R_HSS,HSS304.8X101.6X15.9,88.0,10600,305,102,15.9,14.8
R_HSS,HSS304.8X101.6X12.7,72.5,8710,305,102,12.7,11.8
R_HSS,HSS304.8X101.6X9.5,56.0,6710,305,102,9.53,8.86
R_HSS,HSS304.8X101.6X7.9,47.4,5650,305,102,7.94,7.39
R_HSS,HSS304.8X101.6X6.4,38.4,4580,305,102,6.35,5.92
R_HSS,HSS304.8X101.6X4.8,29.3,3460,305,102,4.76,4.42
R_HSS,HSS304.8X88.9X9.5,54.1,6450,305,88.9,9.53,8.86
R_HSS,HSS304.8X88.9X7.9,45.8,5460,305,88.9,7.94,7.39
R_HSS,HSS304.8X76.2X7.9,44.2,5270,305,76.2,7.94,7.39
R_HSS,HSS304.8X76.2X6.4,35.8,4280,305,76.2,6.35,5.92
R_HSS,HSS304.8X76.2X4.8,27.4,3240,305,76.2,4.76,4.42
R_HSS,HSS304.8X50.8X7.9,41.0,4900,305,50.8,7.94,7.39
R_HSS,HSS304.8X50.8X6.4,33.3,3980,305,50.8,6.35,5.92
R_HSS,HSS304.8X50.8X4.8,25.4,3010,305,50.8,4.76,4.42
R_HSS,HSS254X254X19,133,15900,254,254,19.1,17.7
R_HSS,HSS254X254X15.9,113,13500,254,254,15.9,14.8
R_HSS,HSS254X254X12.7,92.7,11100,254,254,12.7,11.8
R_HSS,HSS254X254X9.5,71.2,8520,254,254,9.53,8.86
R_HSS,HSS254X254X7.9,60.0,7160,254,254,7.94,7.39
R_HSS,HSS254X254X6.4,48.5,5780,254,254,6.35,5.92
R_HSS,HSS254X254X4.8,36.8,4360,254,254,4.76,4.42
R_HSS,HSS254X203.2X15.9,101,12100,254,203,15.9,14.8
R_HSS,HSS254X203.2X12.7,82.6,9870,254,203,12.7,11.8
R_HSS,HSS254X203.2X9.5,63.6,7610,254,203,9.53,8.86
R_HSS,HSS254X203.2X7.9,53.7,6400,254,203,7.94,7.39
R_HSS,HSS254X203.2X6.4,43.4,5180,254,203,6.35,5.92
R_HSS,HSS254X203.2X4.8,33.1,3910,254,203,4.76,4.42
R_HSS,HSS254X152.4X15.9,88.0,10600,254,152,15.9,14.8
R_HSS,HSS254X152.4X12.7,72.5,8710,254,152,12.7,11.8
R_HSS,HSS254X152.4X9.5,56.0,6710,254,152,9.53,8.86
R_HSS,HSS254X152.4X7.9,47.4,5650,254,152,7.94,7.39
R_HSS,HSS254X152.4X6.4,38.4,4580,254,152,6.35,5.92
R_HSS,HSS254X152.4X4.8,29.3,3460,254,152,4.76,4.42
R_HSS,HSS254X127X9.5,52.2,6240,254,127,9.53,8.86
R_HSS,HSS254X127X7.9,44.2,5270,254,127,7.94,7.39
R_HSS,HSS254X127X6.4,35.8,4280,254,127,6.35,5.92
R_HSS,HSS254X127X4.8,27.4,3240,254,127,4.76,4.42
R_HSS,HSS254X101.6X15.9,75.3,9030,254,102,15.9,14.8
R_HSS,HSS254X101.6X12.7,62.4,7480,254,102,12.7,11.8
R_HSS,HSS254X101.6X9.5,48.4,5790,254,102,9.53,8.86
R_HSS,HSS254X101.6X7.9,41.0,4900,254,102,7.94,7.39
R_HSS,HSS254X101.6X6.4,33.3,3980,254,102,6.35,5.92
R_HSS,HSS254X101.6X4.8,25.4,3010,254,102,4.76,4.42
R_HSS,HSS254X101.6X3.2,17.2,2040,254,102,3.18,2.95
R_HSS,HSS254X88.9X12.7,59.8,7160,254,88.9,12.7,11.8
R_HSS,HSS254X88.9X9.5,46.5,5560,254,88.9,9.53,8.86
R_HSS,HSS254X88.9X7.9,39.5,4710,254,88.9,7.94,7.39
R_HSS,HSS254X88.9X6.4,32.0,3830,254,88.9,6.35,5.92
R_HSS,HSS254X88.9X4.8,24.5,2900,254,88.9,4.76,4.42
R_HSS,HSS254X88.9X3.2,16.6,1960,254,88.9,3.18,2.95
R_HSS,HSS254X76.2X9.5,44.6,5340,254,76.2,9.53,8.86
R_HSS,HSS254X76.2X7.9,37.9,4520,254,76.2,7.94,7.39
R_HSS,HSS254X76.2X6.4,30.8,3680,254,76.2,6.35,5.92
R_HSS,HSS254X76.2X4.8,23.5,2790,254,76.2,4.76,4.42
R_HSS,HSS254X76.2X3.2,15.9,1890,254,76.2,3.18,2.95
R_HSS,HSS254X50.8X9.5,40.8,4890,254,50.8,9.53,8.86
R_HSS,HSS254X50.8X7.9,34.7,4150,254,50.8,7.94,7.39
R_HSS,HSS254X50.8X6.4,28.3,3380,254,50.8,6.35,5.92
R_HSS,HSS254X50.8X4.8,21.6,2570,254,50.8,4.76,4.42
R_HSS,HSS254X50.8X3.2,14.7,1740,254,50.8,3.18,2.95
R_HSS,HSS228.6X228.6X15.9,101,12100,229,229,15.9,14.8
R_HSS,HSS228.6X228.6X12.7,82.6,9870,229,229,12.7,11.8
R_HSS,HSS228.6X228.6X9.5,63.6,7610,229,229,9.53,8.86
R_HSS,HSS228.6X228.6X7.9,53.6,6400,229,229,7.94,7.39
R_HSS,HSS228.6X228.6X6.4,43.4,5180,229,229,6.35,5.92
R_HSS,HSS228.6X228.6X74.8,33.0,3910,229,229,4.76,4.42
R_HSS,HSS228.6X228.6X3.2,22.3,2640,229,229,3.18,2.95
R_HSS,HSS228.6X177.8X15.9,88.0,10600,229,178,15.9,14.8
R_HSS,HSS228.6X177.8X12.7,72.5,8710,229,178,12.7,11.8
R_HSS,HSS228.6X177.8X9.5,56.0,6710,229,178,9.53,8.86
R_HSS,HSS228.6X177.8X7.9,47.4,5650,229,178,7.94,7.39
R_HSS,HSS228.6X177.8X6.4,38.4,4580,229,178,6.35,5.92
R_HSS,HSS228.6X177.8X4.8,29.3,3460,229,178,4.76,4.42
R_HSS,HSS228.6X127X15.9,75.3,9030,229,127,15.9,14.8
R_HSS,HSS228.6X127X12.7,62.4,7480,229,127,12.7,11.8
R_HSS,HSS228.6X127X9.5,48.4,5790,229,127,9.53,8.86
R_HSS,HSS228.6X127X7.9,41.0,4900,229,127,7.94,7.39
R_HSS,HSS228.6X127X6.4,33.3,3980,229,127,6.35,5.92
R_HSS,HSS228.6X127X4.8,25.4,3010,229,127,4.76,4.42
R_HSS,HSS228.6X76.2X12.7,52.2,6280,229,76.2,12.7,11.8
R_HSS,HSS228.6X76.2X9.5,40.8,4890,229,76.2,9.53,8.86
R_HSS,HSS228.6X76.2X7.9,34.7,4150,229,76.2,7.94,7.39
R_HSS,HSS228.6X76.2X6.4,28.3,3380,229,76.2,6.35,5.92
R_HSS,HSS228.6X76.2X4.8,21.6,2570,229,76.2,4.76,4.42
R_HSS,HSS203.2X203.2X15.9,88.0,10600,203,203,15.9,14.8
R_HSS,HSS203.2X203.2X12.7,72.5,8710,203,203,12.7,11.8
R_HSS,HSS203.2X203.2X9.5,56.0,6710,203,203,9.53,8.86
R_HSS,HSS203.2X203.2X7.9,47.3,5650,203,203,7.94,7.39
R_HSS,HSS203.2X203.2X6.4,38.4,4580,203,203,6.35,5.92
R_HSS,HSS203.2X203.2X4.8,29.2,3460,203,203,4.76,4.42
R_HSS,HSS203.2X203.2X3.2,19.7,2340,203,203,3.18,2.95
R_HSS,HSS203.2X152.4X15.9,75.3,9030,203,152,15.9,14.8
R_HSS,HSS203.2X152.4X12.7,62.4,7480,203,152,12.7,11.8
R_HSS,HSS203.2X152.4X9.5,48.4,5790,203,152,9.53,8.86
R_HSS,HSS203.2X152.4X7.9,41.0,4900,203,152,7.94,7.39
R_HSS,HSS203.2X152.4X6.4,33.3,3980,203,152,6.35,5.92
R_HSS,HSS203.2X152.4X4.8,25.4,3010,203,152,4.76,4.42
R_HSS,HSS203.2X101.6X15.9,62.6,7550,203,102,15.9,14.8
R_HSS,HSS203.2X101.6X12.7,52.2,6280,203,102,12.7,11.8
R_HSS,HSS203.2X101.6X9.5,40.8,4890,203,102,9.53,8.86
R_HSS,HSS203.2X101.6X7.9,34.7,4150,203,102,7.94,7.39
R_HSS,HSS203.2X101.6X6.4,28.3,3380,203,102,6.35,5.92
R_HSS,HSS203.2X101.6X4.8,21.6,2570,203,102,4.76,4.42
R_HSS,HSS203.2X101.6X3.2,14.7,1740,203,102,3.18,2.95
R_HSS,HSS203.2X76.2X12.7,47.2,5680,203,76.2,12.7,11.8
R_HSS,HSS203.2X76.2X9.5,37.0,4440,203,76.2,9.53,8.86
R_HSS,HSS203.2X76.2X7.9,31.5,3770,203,76.2,7.94,7.39
R_HSS,HSS203.2X76.2X6.4,25.7,3080,203,76.2,6.35,5.92
R_HSS,HSS203.2X76.2X4.8,19.7,2340,203,76.2,4.76,4.42
R_HSS,HSS203.2X76.2X3.2,13.4,1590,203,76.2,3.18,2.95
R_HSS,HSS203.2X50.8X9.5,33.2,3990,203,50.8,9.53,8.86
R_HSS,HSS203.2X50.8X7.9,28.4,3390,203,50.8,7.94,7.39
R_HSS,HSS203.2X50.8X6.4,23.2,2770,203,50.8,6.35,5.92
R_HSS,HSS203.2X50.8X4.8,17.8,2120,203,50.8,4.76,4.42
R_HSS,HSS203.2X50.8X3.2,12.1,1440,203,50.8,3.18,2.95
R_HSS,HSS177.8X177.8X15.9,75.3,9030,178,178,15.9,14.8
R_HSS,HSS177.8X177.8X12.7,62.4,7480,178,178,12.7,11.8
R_HSS,HSS177.8X177.8X9.5,48.4,5790,178,178,9.53,8.86
R_HSS,HSS177.8X177.8X7.9,41.0,4900,178,178,7.94,7.39
R_HSS,HSS177.8X177.8X6.4,33.3,3980,178,178,6.35,5.92
R_HSS,HSS177.8X177.8X4.8,25.4,3010,178,178,4.76,4.42
R_HSS,HSS177.8X177.8X3.2,17.2,2040,178,178,3.18,2.95
R_HSS,HSS177.8X127X12.7,52.2,6280,178,127,12.7,11.8
R_HSS,HSS177.8X127X9.5,40.8,4890,178,127,9.53,8.86
R_HSS,HSS177.8X127X7.9,34.7,4150,178,127,7.94,7.39
R_HSS,HSS177.8X127X6.4,28.3,3380,178,127,6.35,5.92
R_HSS,HSS177.8X127X4.8,21.6,2570,178,127,4.76,4.42
R_HSS,HSS177.8X127X3.2,14.7,1740,178,127,3.18,2.95
R_HSS,HSS177.8X101.6X12.7,47.2,5680,178,102,12.7,11.8
R_HSS,HSS177.8X101.6X9.5,37.0,4440,178,102,9.53,8.86
R_HSS,HSS177.8X101.6X7.9,31.5,3770,178,102,7.94,7.39
R_HSS,HSS177.8X101.6X6.4,25.7,3080,178,102,6.35,5.92
R_HSS,HSS177.8X101.6X4.8,19.7,2340,178,102,4.76,4.42
R_HSS,HSS177.8X101.6X3.2,13.4,1590,178,102,3.18,2.95
R_HSS,HSS177.8X76.2X12.7,42.1,5080,178,76.2,12.7,11.8
R_HSS,HSS177.8X76.2X9.5,33.2,3990,178,76.2,9.53,8.86
R_HSS,HSS177.8X76.2X7.9,28.4,3390,178,76.2,7.94,7.39
R_HSS,HSS177.8X76.2X6.4,23.2,2770,178,76.2,6.35,5.92
R_HSS,HSS177.8X76.2X4.8,17.8,2120,178,76.2,4.76,4.42
R_HSS,HSS177.8X76.2X3.2,12.1,1440,178,76.2,3.18,2.95
R_HSS,HSS177.8X50.8X6.4,20.7,2480,178,50.8,6.35,5.92
R_HSS,HSS177.8X50.8X4.8,15.9,1890,178,50.8,4.76,4.42
R_HSS,HSS177.8X50.8X3.2,10.9,1290,178,50.8,3.18,2.95
R_HSS,HSS152.4X152.4X15.9,62.6,7550,152,152,15.9,14.8
R_HSS,HSS152.4X152.4X12.7,52.2,6280,152,152,12.7,11.8
R_HSS,HSS152.4X152.4X9.5,40.8,4890,152,152,9.53,8.86
R_HSS,HSS152.4X152.4X7.9,34.6,4150,152,152,7.94,7.39
R_HSS,HSS152.4X152.4X6.4,28.3,3380,152,152,6.35,5.92
R_HSS,HSS152.4X152.4X4.8,21.6,2570,152,152,4.76,4.42
R_HSS,HSS152.4X152.4X3.2,14.7,1740,152,152,3.18,2.95
R_HSS,HSS152.4X127X12.7,47.2,5680,152,127,12.7,11.8
R_HSS,HSS152.4X127X9.5,37.0,4440,152,127,9.53,8.86
R_HSS,HSS152.4X127X7.9,31.5,3770,152,127,7.94,7.39
R_HSS,HSS152.4X127X6.4,25.7,3080,152,127,6.35,5.92
R_HSS,HSS152.4X127X4.8,19.7,2340,152,127,4.76,4.42
R_HSS,HSS152.4X127X3.2,13.4,1590,152,127,3.18,2.95
R_HSS,HSS152.4X101.6X12.7,42.1,5080,152,102,12.7,11.8
R_HSS,HSS152.4X101.6X9.5,33.2,3990,152,102,9.53,8.86
R_HSS,HSS152.4X101.6X7.9,28.4,3390,152,102,7.94,7.39
R_HSS,HSS152.4X101.6X6.4,23.2,2770,152,102,6.35,5.92
R_HSS,HSS152.4X101.6X4.8,17.8,2120,152,102,4.76,4.42
R_HSS,HSS152.4X101.6X3.2,12.1,1440,152,102,3.18,2.95
R_HSS,HSS152.4X76.2X12.7,37.1,4480,152,76.2,12.7,11.8
R_HSS,HSS152.4X76.2X9.5,29.4,3540,152,76.2,9.53,8.86
R_HSS,HSS152.4X76.2X7.9,25.2,3020,152,76.2,7.94,7.39
R_HSS,HSS152.4X76.2X6.4,20.7,2480,152,76.2,6.35,5.92
R_HSS,HSS152.4X76.2X4.8,15.9,1890,152,76.2,4.76,4.42
R_HSS,HSS152.4X76.2X3.2,10.9,1290,152,76.2,3.18,2.95
R_HSS,HSS152.4X50.8X9.5,25.6,3080,152,50.8,9.53,8.86
R_HSS,HSS152.4X50.8X7.9,22.0,2650,152,50.8,7.94,7.39
R_HSS,HSS152.4X50.8X6.4,18.1,2170,152,50.8,6.35,5.92
R_HSS,HSS152.4X50.8X4.8,14.0,1660,152,50.8,4.76,4.42
R_HSS,HSS152.4X50.8X3.2,9.59,1140,152,50.8,3.18,2.95
R_HSS,HSS139.7X139.7X9.5,37.0,4440,140,140,9.53,8.86
R_HSS,HSS139.7X139.7X7.9,31.5,3770,140,140,7.94,7.39
R_HSS,HSS139.7X139.7X6.4,25.7,3080,140,140,6.35,5.92
R_HSS,HSS139.7X139.7X4.8,19.7,2340,140,140,4.76,4.42
R_HSS,HSS139.7X139.7X3.2,13.4,1590,140,140,3.18,2.95
R_HSS,HSS127X127X12.7,42.1,5080,127,127,12.7,11.8
R_HSS,HSS127X127X9.5,33.2,3990,127,127,9.53,8.86
R_HSS,HSS127X127X7.9,28.3,3390,127,127,7.94,7.39
R_HSS,HSS127X127X6.4,23.2,2770,127,127,6.35,5.92
R_HSS,HSS127X127X4.8,17.8,2120,127,127,4.76,4.42
R_HSS,HSS127X127X3.2,12.1,1440,127,127,3.18,2.95
R_HSS,HSS127X101.6X12.7,37.1,4480,127,102,12.7,11.8
R_HSS,HSS127X101.6X9.5,29.4,3540,127,102,9.53,8.86
R_HSS,HSS127X101.6X7.9,25.2,3020,127,102,7.94,7.39
R_HSS,HSS127X101.6X6.4,20.7,2480,127,102,6.35,5.92
R_HSS,HSS127X101.6X4.8,15.9,1890,127,102,4.76,4.42
R_HSS,HSS127X101.6X3.2,10.9,1290,127,102,3.18,2.95
R_HSS,HSS127X76.2X12.7,32.0,3880,127,76.2,12.7,11.8
R_HSS,HSS127X76.2X9.5,25.6,3080,127,76.2,9.53,8.86
R_HSS,HSS127X76.2X7.9,22.0,2650,127,76.2,7.94,7.39
R_HSS,HSS127X76.2X6.4,18.1,2170,127,76.2,6.35,5.92
R_HSS,HSS127X76.2X4.8,14.0,1660,127,76.2,4.76,4.42
R_HSS,HSS127X76.2X3.2,9.59,1140,127,76.2,3.18,2.95
R_HSS,HSS127X63.5X6.4,16.9,2030,127,63.5,6.35,5.92
R_HSS,HSS127X63.5X4.8,13.1,1550,127,63.5,4.76,4.42
R_HSS,HSS127X63.5X3.2,8.96,1060,127,63.5,3.18,2.95
R_HSS,HSS127X50.8X9.5,21.8,2640,127,50.8,9.53,8.86
R_HSS,HSS127X50.8X7.9,18.8,2270,127,50.8,7.94,7.39
R_HSS,HSS127X50.8X6.4,15.6,1880,127,50.8,6.35,5.92
R_HSS,HSS127X50.8X4.8,12.1,1450,127,50.8,4.76,4.42
R_HSS,HSS127X50.8X3.2,8.33,994,127,50.8,3.18,2.95
R_HSS,HSS114.3X114.3X12.7,37.1,4480,114,114,12.7,11.8
R_HSS,HSS114.3X114.3X9.5,29.4,3540,114,114,9.53,8.86
R_HSS,HSS114.3X114.3X7.9,25.2,3020,114,114,7.94,7.39
R_HSS,HSS114.3X114.3X6.4,20.7,2480,114,114,6.35,5.92
R_HSS,HSS114.3X114.3X4.8,15.9,1890,114,114,4.76,4.42
R_HSS,HSS114.3X114.3X3.2,10.9,1290,114,114,3.18,2.95
R_HSS,HSS101.6X101.6X12.7,32.0,3880,102,102,12.7,11.8
R_HSS,HSS101.6X101.6X9.5,25.6,3080,102,102,9.53,8.86
R_HSS,HSS101.6X101.6X7.9,22.0,2650,102,102,7.94,7.39
R_HSS,HSS101.6X101.6X6.4,18.1,2170,102,102,6.35,5.92
R_HSS,HSS101.6X101.6X4.8,14.0,1660,102,102,4.76,4.42
R_HSS,HSS101.6X101.6X3.2,9.59,1140,102,102,3.18,2.95
R_HSS,HSS101.6X76.2X9.5,21.8,2640,102,76.2,9.53,8.86
R_HSS,HSS101.6X76.2X7.9,18.8,2270,102,76.2,7.94,7.39
R_HSS,HSS101.6X76.2X6.4,15.6,1880,102,76.2,6.35,5.92
R_HSS,HSS101.6X76.2X4.8,12.1,1450,102,76.2,4.76,4.42
R_HSS,HSS101.6X76.2X3.2,8.33,994,102,76.2,3.18,2.95
R_HSS,HSS101.6X63.5X9.5,19.9,2410,102,63.5,9.53,8.86
R_HSS,HSS101.6X63.5X7.9,17.3,2080,102,63.5,7.94,7.39
R_HSS,HSS101.6X63.5X6.4,14.3,1720,102,63.5,6.35,5.92
R_HSS,HSS101.6X63.5X4.8,11.2,1330,102,63.5,4.76,4.42
R_HSS,HSS101.6X63.5X3.2,7.70,916,102,63.5,3.18,2.95
R_HSS,HSS101.6X50.8X9.5,18.0,2190,102,50.8,9.53,8.86
R_HSS,HSS101.6X50.8X7.9,15.7,1900,102,50.8,7.94,7.39
R_HSS,HSS101.6X50.8X6.4,13.1,1570,102,50.8,6.35,5.92
R_HSS,HSS101.6X50.8X4.8,10.2,1220,102,50.8,4.76,4.42
R_HSS,HSS101.6X50.8X3.2,7.06,839,102,50.8,3.18,2.95
R_HSS,HSS88.9X88.9X9.5,21.8,2640,88.9,88.9,9.53,8.86
R_HSS,HSS88.9X88.9X7.9,18.8,2270,88.9,88.9,7.94,7.39
R_HSS,HSS88.9X88.9X6.4,15.6,1880,88.9,88.9,6.35,5.92
R_HSS,HSS88.9X88.9X4.8,12.1,1450,88.9,88.9,4.76,4.42
R_HSS,HSS88.9X88.9X3.2,8.33,994,88.9,88.9,3.18,2.95
R_HSS,HSS88.9X63.5X9.5,18.0,2190,88.9,63.5,9.53,8.86
R_HSS,HSS88.9X63.5X7.9,15.6,1900,88.9,63.5,7.94,7.39
R_HSS,HSS88.9X63.5X6.4,13.1,1570,88.9,63.5,6.35,5.92
R_HSS,HSS88.9X63.5X4.8,10.2,1220,88.9,63.5,4.76,4.42
R_HSS,HSS88.9X63.5X3.2,7.07,839,88.9,63.5,3.18,2.95
R_HSS,HSS88.9X50.8X6.4,11.8,1430,88.9,50.8,6.35,5.92
R_HSS,HSS88.9X50.8X4.8,9.27,1100,88.9,50.8,4.76,4.42
R_HSS,HSS88.9X50.8X3.2,6.43,768,88.9,50.8,3.18,2.95
R_HSS,HSS88.9X38.1X6.4,10.5,1270,88.9,38.1,6.35,5.92
R_HSS,HSS88.9X38.1X4.8,8.31,994,88.9,38.1,4.76,4.42
R_HSS,HSS88.9X38.1X3.2,5.80,690,88.9,38.1,3.18,2.95
R_HSS,HSS76.2X76.2X9.5,18.0,2190,76.2,76.2,9.53,8.86
R_HSS,HSS76.2X76.2X7.9,15.7,1900,76.2,76.2,7.94,7.39
R_HSS,HSS76.2X76.2X6.4,13.1,1570,76.2,76.2,6.35,5.92
R_HSS,HSS76.2X76.2X4.8,10.2,1220,76.2,76.2,4.76,4.42
R_HSS,HSS76.2X76.2X3.2,7.06,839,76.2,76.2,3.18,2.95
R_HSS,HSS76.2X63.5X7.9,14.1,1700,76.2,63.5,7.94,7.39
R_HSS,HSS76.2X63.5X6.4,11.8,1430,76.2,63.5,6.35,5.92
R_HSS,HSS76.2X63.5X4.8,9.27,1100,76.2,63.5,4.76,4.42
R_HSS,HSS76.2X63.5X3.2,6.43,768,76.2,63.5,3.18,2.95
R_HSS,HSS76.2X50.8X7.9,12.5,1520,76.2,50.8,7.94,7.39
R_HSS,HSS76.2X50.8X6.4,10.5,1270,76.2,50.8,6.35,5.92
R_HSS,HSS76.2X50.8X4.8,8.31,994,76.2,50.8,4.76,4.42
R_HSS,HSS76.2X50.8X3.2,5.80,690,76.2,50.8,3.18,2.95
R_HSS,HSS76.2X38.1X6.4,9.26,1120,76.2,38.1,6.35,5.92
R_HSS,HSS76.2X38.1X4.8,7.36,884,76.2,38.1,4.76,4.42
R_HSS,HSS76.2X38.1X3.2,5.16,617,76.2,38.1,3.18,2.95
R_HSS,HSS76.2X25.4X4.8,6.41,768,76.2,25.4,4.76,4.42
R_HSS,HSS76.2X25.4X3.2,4.53,542,76.2,25.4,3.18,2.95
R_HSS,HSS63.5X63.5X7.9,12.5,1520,63.5,63.5,7.94,7.39
R_HSS,HSS63.5X63.5X6.4,10.5,1270,63.5,63.5,6.35,5.92
R_HSS,HSS63.5X63.5X4.8,8.30,994,63.5,63.5,4.76,4.42
R_HSS,HSS63.5X63.5X3.2,5.80,690,63.5,63.5,3.18,2.95
R_HSS,HSS63.5X50.8X6.4,9.26,1120,63.5,50.8,6.35,5.92
R_HSS,HSS63.5X50.8X4.8,7.36,884,63.5,50.8,4.76,4.42
R_HSS,HSS63.5X50.8X3.2,5.16,617,63.5,50.8,3.18,2.95
R_HSS,HSS63.5X38.1X6.4,8.00,974,63.5,38.1,6.35,5.92
R_HSS,HSS63.5X38.1X4.8,6.41,768,63.5,38.1,4.76,4.42
R_HSS,HSS63.5X38.1X3.2,4.53,542,63.5,38.1,3.18,2.95
R_HSS,HSS63.5X25.4X4.8,5.46,658,63.5,25.4,4.76,4.42
R_HSS,HSS63.5X25.4X3.2,3.90,467,63.5,25.4,3.18,2.95
R_HSS,HSS57.2X57.2X6.4,9.26,1120,57.2,57.2,6.35,5.92
R_HSS,HSS57.2X57.2X4.8,7.35,884,57.2,57.2,4.76,4.42
R_HSS,HSS57.2X57.2X3.2,5.16,617,57.2,57.2,3.18,2.95
R_HSS,HSS57.2X50.8X4.8,6.89,826,57.2,50.8,4.76,4.42
R_HSS,HSS57.2X50.8X3.2,4.85,579,57.2,50.8,3.18,2.95
R_HSS,HSS50.8X50.8X6.4,8.00,974,50.8,50.8,6.35,5.92
R_HSS,HSS50.8X50.8X4.8,6.40,768,50.8,50.8,4.76,4.42
R_HSS,HSS50.8X50.8X3.2,4.53,542,50.8,50.8,3.18,2.95
R_HSS,HSS50.8X38.1X4.8,5.46,658,50.8,38.1,4.76,4.42
R_HSS,HSS50.8X38.1X3.2,3.90,467,50.8,38.1,3.18,2.95
R_HSS,HSS50.8X25.4X4.8,4.51,545,50.8,25.4,4.76,4.42
R_HSS,HSS50.8X25.4X3.2,3.26,392,50.8,25.4,3.18,2.95